filename,width,height,class,xmin,ymin,xmax,ymax
arrow19.jpg,500,500,arrownohead,33,94,52,261
arrow19.jpg,500,500,arrow,105,102,140,248
arrow19.jpg,500,500,arrow,222,97,259,260
arrow19.jpg,500,500,arrow,338,21,394,247
arrow20.jpg,500,500,arrownohead,10,157,27,295
arrow20.jpg,500,500,arrow,78,159,111,294
arrow20.jpg,500,500,arrow,201,139,245,302
arrow20.jpg,500,500,arrow,364,54,432,285
arrow21.jpg,500,500,arrow,57,100,148,204
arrow21.jpg,500,500,arrow,294,93,363,201
arrow22.jpg,500,500,arrownohead,2,46,40,177
arrow22.jpg,500,500,arrow,124,73,161,178
arrow22.jpg,500,500,arrow,267,90,312,211
arrow22.jpg,500,500,arrow,403,78,468,226
arrow23.jpg,500,500,arrownohead,57,48,84,229
arrow23.jpg,500,500,arrow,167,92,213,238
arrow23.jpg,500,500,arrow,310,123,342,257
arrow23.jpg,500,500,arrow,415,107,449,263
arrow24.jpg,500,500,arrownohead,31,158,55,296
arrow24.jpg,500,500,arrow,132,169,169,286
arrow24.jpg,500,500,arrow,269,162,303,284
arrow24.jpg,500,500,arrow,393,121,437,277
arrow25.jpg,500,500,arrownohead,45,169,74,311
arrow25.jpg,500,500,arrow,140,174,175,294
arrow25.jpg,500,500,arrow,265,153,303,285
arrow25.jpg,500,500,arrow,378,99,423,269
arrow26.jpg,500,500,arrow,1,146,88,323
arrow26.jpg,500,500,arrow,180,201,250,361
arrow26.jpg,500,500,arrow,339,193,397,394
arrow27.jpg,500,500,arrow,70,286,132,392
arrow27.jpg,500,500,arrow,288,280,340,397
arrow27.jpg,500,500,arrow,454,271,500,385
arrow28.jpg,500,500,arrownohead,45,198,70,392
arrow28.jpg,500,500,arrow,133,171,175,337
arrow28.jpg,500,500,arrow,273,121,303,279
arrow28.jpg,500,500,arrow,380,23,426,218
arrow29.jpg,500,500,arrow,101,94,150,188
arrow29.jpg,500,500,arrow,269,95,313,192
arrow29.jpg,500,500,arrow,400,66,469,189
arrow30.jpg,500,500,arrownohead,22,156,43,295
arrow30.jpg,500,500,arrow,132,169,174,288
arrow30.jpg,500,500,arrow,277,167,320,291
arrow30.jpg,500,500,arrow,421,122,468,273
arrow31.jpg,500,500,arrow,53,89,124,216
arrow31.jpg,500,500,arrow,210,105,263,230
arrow31.jpg,500,500,arrow,351,83,397,238
arrow32.jpg,500,500,arrownohead,5,157,48,293
arrow32.jpg,500,500,arrow,113,169,157,284
arrow32.jpg,500,500,arrow,262,165,300,284
arrow32.jpg,500,500,arrow,376,134,430,271
arrow33.jpg,500,500,arrownohead,40,161,56,297
arrow33.jpg,500,500,arrow,128,167,169,292
arrow33.jpg,500,500,arrow,268,169,305,288
arrow33.jpg,500,500,arrow,386,138,428,276
arrow34.jpg,500,500,arrownohead,18,112,38,243
arrow34.jpg,500,500,arrow,126,123,163,236
arrow34.jpg,500,500,arrow,273,128,313,236
arrow34.jpg,500,500,arrow,398,100,447,228
arrow35.jpg,500,500,arrow,51,163,102,292
arrow35.jpg,500,500,arrow,194,146,258,294
arrow35.jpg,500,500,arrow,341,72,437,290
arrow36.jpg,500,500,arrow,55,167,136,280
arrow36.jpg,500,500,arrow,248,164,328,286
arrow36.jpg,500,500,arrow,402,131,491,278
arrow37.jpg,500,500,arrow,327,225,384,340
arrow37.jpg,500,500,arrow,135,229,196,346
arrow37.jpg,500,500,arrownohead,1,221,44,351
arrow38.jpg,500,500,arrow,375,138,420,301
arrow38.jpg,500,500,arrow,269,164,302,296
arrow38.jpg,500,500,arrow,130,147,176,286
arrow38.jpg,500,500,arrownohead,43,108,74,277
arrow39.jpg,500,500,arrownohead,108,1,136,248
arrow39.jpg,500,500,arrow,240,33,288,270
arrow39.jpg,500,500,arrow,372,124,399,317
arrow39.jpg,500,500,arrow,439,121,469,336
arrow40.jpg,500,500,arrow,398,91,472,269
arrow40.jpg,500,500,arrow,276,90,320,251
arrow40.jpg,500,500,arrow,126,66,167,200
arrow40.jpg,500,500,arrownohead,14,23,48,172
arrow41.jpg,500,500,arrow,155,107,232,318
arrow41.jpg,500,500,arrow,40,152,76,293
arrow41.jpg,500,500,arrow,380,4,496,317
arrow42.jpg,500,500,arrownohead,12,159,48,291
arrow42.jpg,500,500,arrow,121,169,163,282
arrow42.jpg,500,500,arrow,258,169,303,286
arrow42.jpg,500,500,arrow,372,137,432,282
arrow43.jpg,500,500,arrow,86,90,149,182
arrow43.jpg,500,500,arrow,284,83,334,180
arrow43.jpg,500,500,arrow,434,63,498,165
arrow44.jpg,500,500,arrow,271,210,319,323
arrow44.jpg,500,500,arrow,427,169,484,314
arrow44.jpg,500,500,arrow,109,211,153,328
arrow44.jpg,500,500,arrownohead,1,223,30,338
arrow45.jpg,500,500,arrow,397,95,451,215
arrow45.jpg,500,500,arrow,275,118,317,228
arrow45.jpg,500,500,arrow,121,126,167,234
arrow45.jpg,500,500,arrownohead,4,113,37,241
arrow46.jpg,500,500,arrow,83,170,141,285
arrow46.jpg,500,500,arrow,255,171,299,286
arrow46.jpg,500,500,arrow,388,131,447,271
arrow46.jpg,500,500,arrownohead,1,257,21,296
arrow47.jpg,500,500,arrow,430,131,495,278
arrow47.jpg,500,500,arrow,283,169,338,286
arrow47.jpg,500,500,arrow,110,175,171,289
arrow47.jpg,500,500,arrownohead,3,160,26,282
arrow48.jpg,500,500,arrow,384,138,455,278
arrow48.jpg,500,500,arrow,255,168,313,286
arrow48.jpg,500,500,arrow,94,167,151,284
arrow48.jpg,500,500,arrownohead,1,237,27,293
arrow49.jpg,500,500,arrow,377,134,419,282
arrow49.jpg,500,500,arrow,265,169,305,287
arrow49.jpg,500,500,arrow,132,165,171,280
arrow49.jpg,500,500,arrownohead,43,151,69,287
arrow50.jpg,500,500,arrow,376,134,421,269
arrow50.jpg,500,500,arrow,262,169,303,290
arrow50.jpg,500,500,arrow,134,171,172,284
arrow50.jpg,500,500,arrownohead,43,162,66,293
arrow51.jpg,500,500,arrow,376,123,423,277
arrow51.jpg,500,500,arrow,270,174,307,288
arrow51.jpg,500,500,arrow,132,163,176,286
arrow51.jpg,500,500,arrownohead,47,150,71,288
arrow52.jpg,500,500,arrownohead,121,71,160,295
arrow52.jpg,500,500,arrow,216,180,295,349
arrow52.jpg,500,500,arrow,357,137,408,234
arrow52.jpg,500,500,arrow,411,54,455,130
arrow52.jpg,500,500,arrow,458,145,474,344
arrow52.jpg,500,500,arrownohead,381,320,426,434
arrow52.jpg,500,500,arrow,308,328,345,475
arrow52.jpg,500,500,arrow,350,7,413,77
arrow52.jpg,500,500,arrownohead,311,1,324,77
arrow53.jpg,500,500,arrownohead,8,132,60,236
arrow53.jpg,500,500,arrow,170,65,214,141
arrow53.jpg,500,500,arrow,258,99,337,142
arrow53.jpg,500,500,arrow,358,132,425,183
arrow53.jpg,500,500,arrow,453,203,492,353
arrow53.jpg,500,500,arrow,269,173,365,253
arrow53.jpg,500,500,arrownohead,344,315,407,377
arrow53.jpg,500,500,arrow,226,296,269,384
arrow53.jpg,500,500,arrow,122,196,182,275
arrow53.jpg,500,500,arrow,59,305,100,371
arrow54.jpg,500,500,arrow,94,72,151,154
arrow54.jpg,500,500,arrow,220,115,320,155
arrow54.jpg,500,500,arrow,366,153,448,198
arrow54.jpg,500,500,arrow,250,186,390,265
arrow54.jpg,500,500,arrownohead,404,329,470,392
arrow54.jpg,500,500,arrow,246,306,310,399
arrow54.jpg,500,500,arrow,98,212,152,299
arrow54.jpg,500,500,arrow,29,323,99,385
arrow55.jpg,500,500,arrownohead,61,123,92,240
arrow55.jpg,500,500,arrow,138,191,204,278
arrow55.jpg,500,500,arrow,212,65,242,136
arrow55.jpg,500,500,arrow,273,95,339,135
arrow55.jpg,500,500,arrow,347,129,405,177
arrow55.jpg,500,500,arrow,419,201,448,359
arrow55.jpg,500,500,arrownohead,304,317,373,392
arrow55.jpg,500,500,arrow,277,171,348,245
arrow55.jpg,500,500,arrow,222,288,259,383
arrow55.jpg,500,500,arrow,81,307,118,368
arrow56.jpg,500,500,arrownohead,41,131,83,242
arrow56.jpg,500,500,arrow,136,198,200,282
arrow56.jpg,500,500,arrow,192,68,230,145
arrow56.jpg,500,500,arrow,271,108,346,148
arrow56.jpg,500,500,arrow,353,141,421,188
arrow56.jpg,500,500,arrow,435,202,466,351
arrow56.jpg,500,500,arrow,274,180,349,245
arrow56.jpg,500,500,arrownohead,317,310,382,382
arrow56.jpg,500,500,arrow,226,299,265,388
arrow56.jpg,500,500,arrow,76,307,109,369
arrow57.jpg,500,500,arrownohead,1,143,22,192
arrow57.jpg,500,500,arrow,96,156,171,234
arrow57.jpg,500,500,arrow,164,50,207,109
arrow57.jpg,500,500,arrow,253,79,337,112
arrow57.jpg,500,500,arrow,271,140,382,212
arrow57.jpg,500,500,arrow,366,111,436,155
arrow57.jpg,500,500,arrownohead,383,277,456,344
arrow57.jpg,500,500,arrow,229,248,289,348
arrow57.jpg,500,500,arrow,17,261,72,339
arrow58.jpg,500,500,arrownohead,55,127,71,240
arrow58.jpg,500,500,arrow,124,194,202,277
arrow58.jpg,500,500,arrow,234,69,270,141
arrow58.jpg,500,500,arrow,295,101,395,147
arrow58.jpg,500,500,arrow,384,132,469,188
arrow58.jpg,500,500,arrow,452,203,493,353
arrow58.jpg,500,500,arrow,39,308,73,377
arrow58.jpg,500,500,arrow,200,292,242,375
arrow58.jpg,500,500,arrownohead,292,312,384,376
arrow58.jpg,500,500,arrow,286,178,362,254
arrow59.jpg,500,500,arrow,362,151,423,483
arrow59.jpg,500,500,arrownohead,181,378,263,458
arrow59.jpg,500,500,arrow,108,309,140,434
arrow59.jpg,500,500,arrow,158,139,235,252
arrow59.jpg,500,500,arrow,251,18,355,133
arrow59.jpg,500,500,arrow,159,2,243,85
arrow59.jpg,500,500,arrow,109,1,140,91
arrow59.jpg,500,500,arrownohead,21,120,41,238
arrow59.jpg,500,500,arrow,63,175,105,288
arrow59.jpg,500,500,arrow,22,315,45,393
arrow60.jpg,500,500,arrownohead,46,135,70,236
arrow60.jpg,500,500,arrow,117,194,206,277
arrow60.jpg,500,500,arrow,201,288,249,378
arrow60.jpg,500,500,arrownohead,291,315,376,378
arrow60.jpg,500,500,arrow,438,208,488,347
arrow60.jpg,500,500,arrow,295,178,358,251
arrow60.jpg,500,500,arrow,376,138,460,190
arrow60.jpg,500,500,arrow,301,103,389,140
arrow60.jpg,500,500,arrow,230,69,275,136
arrow60.jpg,500,500,arrow,34,309,71,380
arrow61.jpg,500,500,arrownohead,5,204,66,324
arrow61.jpg,500,500,arrow,192,57,246,172
arrow61.jpg,500,500,arrow,286,89,394,167
arrow61.jpg,500,500,arrow,385,123,485,206
arrow61.jpg,500,500,arrow,453,217,500,383
arrow61.jpg,500,500,arrow,288,214,373,295
arrow61.jpg,500,500,arrownohead,307,363,391,431
arrow61.jpg,500,500,arrow,221,357,261,441
arrow61.jpg,500,500,arrow,128,252,191,357
arrow61.jpg,500,500,arrow,69,395,108,452
arrow62.jpg,500,500,arrow,347,116,406,176
arrow62.jpg,500,500,arrow,420,188,451,342
arrow62.jpg,500,500,arrownohead,305,310,372,379
arrow62.jpg,500,500,arrow,280,168,345,244
arrow62.jpg,500,500,arrow,270,85,344,129
arrow62.jpg,500,500,arrow,211,52,252,129
arrow62.jpg,500,500,arrow,223,292,261,390
arrow62.jpg,500,500,arrow,84,329,111,398
arrow62.jpg,500,500,arrow,144,193,205,287
arrow62.jpg,500,500,arrownohead,60,139,97,251
arrow63.jpg,500,500,arrownohead,364,229,467,311
arrow63.jpg,500,500,arrow,284,76,391,142
arrow63.jpg,500,500,arrow,385,65,456,94
arrow63.jpg,500,500,arrow,274,36,361,51
arrow63.jpg,500,500,arrow,204,11,240,44
arrow63.jpg,500,500,arrow,195,163,256,292
arrow63.jpg,500,500,arrow,90,77,182,135
arrow63.jpg,500,500,arrownohead,27,30,49,98
arrow64.jpg,500,500,arrownohead,30,130,52,235
arrow64.jpg,500,500,arrow,95,194,200,276
arrow64.jpg,500,500,arrow,181,289,235,378
arrow64.jpg,500,500,arrow,301,181,380,254
arrow64.jpg,500,500,arrow,318,107,423,146
arrow64.jpg,500,500,arrow,251,69,296,141
arrow64.jpg,500,500,arrownohead,280,315,383,375
arrow64.jpg,500,500,arrownohead,453,261,500,349
arrow64.jpg,500,500,arrow,409,139,499,188
arrow64.jpg,500,500,arrow,1,303,30,366
arrow65.jpg,500,500,arrownohead,137,16,186,231
arrow65.jpg,500,500,arrow,250,172,317,305
arrow65.jpg,500,500,arrow,376,157,421,241
arrow65.jpg,500,500,arrow,461,196,480,362
arrow65.jpg,500,500,arrownohead,397,327,436,425
arrow65.jpg,500,500,arrow,333,322,363,454
arrow65.jpg,500,500,arrow,164,367,211,480
arrow65.jpg,500,500,arrow,373,63,424,108
arrow65.jpg,500,500,arrow,427,119,462,163
arrow65.jpg,500,500,arrow,316,1,348,84
arrow66.jpg,500,500,arrownohead,362,195,459,270
arrow66.jpg,500,500,arrow,198,164,266,264
arrow66.jpg,500,500,arrow,279,80,399,136
arrow66.jpg,500,500,arrow,382,56,444,85
arrow66.jpg,500,500,arrow,274,39,351,65
arrow66.jpg,500,500,arrow,204,24,238,66
arrow66.jpg,500,500,arrow,83,90,180,155
arrow66.jpg,500,500,arrownohead,14,52,36,118
arrow67.jpg,500,500,arrownohead,37,131,62,237
arrow67.jpg,500,500,arrow,99,191,147,281
arrow67.jpg,500,500,arrow,151,44,182,128
arrow67.jpg,500,500,arrow,215,68,296,129
arrow67.jpg,500,500,arrow,303,100,382,165
arrow67.jpg,500,500,arrow,396,184,426,402
arrow67.jpg,500,500,arrow,262,340,329,418
arrow67.jpg,500,500,arrow,218,168,291,246
arrow67.jpg,500,500,arrow,172,298,208,409
arrow67.jpg,500,500,arrow,54,312,78,388
arrow68.jpg,500,500,arrow,1,205,29,277
arrow68.jpg,500,500,arrow,91,108,187,175
arrow68.jpg,500,500,arrow,208,194,269,313
arrow68.jpg,500,500,arrownohead,361,219,446,303
arrow68.jpg,500,500,arrow,285,98,382,160
arrow68.jpg,500,500,arrow,380,70,447,103
arrow68.jpg,500,500,arrow,274,48,362,74
arrow68.jpg,500,500,arrow,206,28,242,73
arrow68.jpg,500,500,arrownohead,27,68,44,143
arrow111.jpg,690,481,arrow,549,303,612,398
arrow111.jpg,690,481,arrow,474,343,537,397
arrow111.jpg,690,481,arrow,373,189,457,233
arrow111.jpg,690,481,arrownohead,335,184,368,233
arrow111.jpg,690,481,arrow,220,245,278,391
arrow111.jpg,690,481,arrow,170,308,214,399
arrow111.jpg,690,481,arrownohead,149,72,245,158
arrow111.jpg,690,481,arrownohead,122,122,146,164
arrow112.jpg,690,481,arrow,617,234,679,344
arrow112.jpg,690,481,arrow,500,281,599,341
arrow112.jpg,690,481,arrow,356,147,453,184
arrow112.jpg,690,481,arrow,312,147,348,185
arrow112.jpg,690,481,arrow,153,199,245,343
arrow112.jpg,690,481,arrow,105,264,149,341
arrow112.jpg,690,481,arrownohead,103,73,211,139
arrow112.jpg,690,481,arrownohead,77,113,100,144
arrow113.jpg,690,481,arrownohead,137,26,228,116
arrow113.jpg,690,481,arrownohead,112,66,135,120
arrow113.jpg,690,481,arrow,359,204,442,241
arrow113.jpg,690,481,arrow,323,183,352,240
arrow113.jpg,690,481,arrow,195,233,265,388
arrow113.jpg,690,481,arrow,154,290,195,395
arrow113.jpg,690,481,arrow,543,359,605,466
arrow113.jpg,690,481,arrow,462,389,535,463
arrow114.jpg,690,481,arrownohead,138,19,231,113
arrow114.jpg,690,481,arrownohead,112,62,137,121
arrow114.jpg,690,481,arrow,366,202,451,242
arrow114.jpg,690,481,arrow,332,173,365,239
arrow114.jpg,690,481,arrow,200,237,271,392
arrow114.jpg,690,481,arrow,159,297,201,403
arrow114.jpg,690,481,arrow,540,361,604,475
arrow114.jpg,690,481,arrow,458,397,528,475
arrow115.jpg,690,481,arrownohead,137,89,228,189
arrow115.jpg,690,481,arrownohead,111,153,135,196
arrow115.jpg,690,481,arrow,364,192,444,232
arrow115.jpg,690,481,arrow,327,192,359,232
arrow115.jpg,690,481,arrow,541,277,602,369
arrow115.jpg,690,481,arrow,459,319,527,372
arrow115.jpg,690,481,arrow,199,252,269,383
arrow115.jpg,690,481,arrow,157,321,197,388
arrow116.jpg,690,481,arrow,200,162,275,235
arrow116.jpg,690,481,arrow,167,178,192,234
arrow116.jpg,690,481,arrownohead,60,52,110,164
arrow116.jpg,690,481,arrownohead,44,129,60,169
arrow116.jpg,690,481,arrow,91,250,128,408
arrow116.jpg,690,481,arrow,66,319,89,416
arrow116.jpg,690,481,arrow,425,343,503,475
arrow116.jpg,690,481,arrow,298,402,363,481
arrow117.jpg,690,481,arrownohead,126,91,227,172
arrow117.jpg,690,481,arrownohead,103,144,124,177
arrow117.jpg,690,481,arrow,361,174,454,223
arrow117.jpg,690,481,arrow,324,181,354,222
arrow117.jpg,690,481,arrow,178,235,258,376
arrow117.jpg,690,481,arrow,133,304,176,384
arrow117.jpg,690,481,arrow,558,257,628,358
arrow117.jpg,690,481,arrow,472,308,543,359
arrow118.jpg,690,481,arrownohead,323,1,422,108
arrow118.jpg,690,481,arrownohead,283,17,318,115
arrow118.jpg,690,481,arrow,551,181,603,252
arrow118.jpg,690,481,arrow,523,175,547,253
arrow118.jpg,690,481,arrow,407,267,472,478
arrow118.jpg,690,481,arrow,339,396,388,481
arrow118.jpg,690,481,arrow,643,286,668,407
arrow118.jpg,690,481,arrow,600,357,636,409
arrow69.jpg,690,481,arrownohead,102,65,178,312
arrow69.jpg,690,481,arrownohead,57,258,99,319
arrow69.jpg,690,481,arrow,367,138,479,287
arrow69.jpg,690,481,arrow,323,228,362,289
arrow69.jpg,690,481,arrow,219,361,261,479
arrow69.jpg,690,481,arrow,562,212,677,399
arrow69.jpg,690,481,arrow,475,353,553,406
arrow70.jpg,690,481,arrownohead,141,75,233,212
arrow70.jpg,690,481,arrownohead,116,169,139,216
arrow70.jpg,690,481,arrow,364,161,444,228
arrow70.jpg,690,481,arrow,323,179,357,230
arrow70.jpg,690,481,arrow,202,273,269,455
arrow70.jpg,690,481,arrow,157,378,201,460
arrow70.jpg,690,481,arrow,539,245,603,374
arrow70.jpg,690,481,arrow,458,321,528,375
arrow71.jpg,690,481,arrownohead,88,90,241,186
arrow71.jpg,690,481,arrownohead,67,147,89,188
arrow71.jpg,690,481,arrow,335,190,479,253
arrow71.jpg,690,481,arrow,301,198,327,247
arrow71.jpg,690,481,arrow,77,255,206,379
arrow71.jpg,690,481,arrow,44,313,86,384
arrow71.jpg,690,481,arrow,425,338,505,386
arrow71.jpg,690,481,arrow,516,288,665,388
arrow72.jpg,690,481,arrownohead,123,101,232,186
arrow72.jpg,690,481,arrownohead,99,151,120,190
arrow72.jpg,690,481,arrow,372,195,461,238
arrow72.jpg,690,481,arrow,329,196,361,237
arrow72.jpg,690,481,arrow,162,251,257,381
arrow72.jpg,690,481,arrow,124,317,162,389
arrow72.jpg,690,481,arrow,534,284,622,374
arrow72.jpg,690,481,arrow,450,326,522,376
arrow73.jpg,690,481,arrownohead,98,97,255,184
arrow73.jpg,690,481,arrownohead,75,151,95,190
arrow73.jpg,690,481,arrow,358,193,484,235
arrow73.jpg,690,481,arrow,329,192,356,231
arrow73.jpg,690,481,arrow,99,249,229,377
arrow73.jpg,690,481,arrow,60,309,103,381
arrow73.jpg,690,481,arrow,460,320,534,375
arrow73.jpg,690,481,arrow,547,282,656,372
arrow74.jpg,690,481,arrownohead,137,95,232,181
arrow74.jpg,690,481,arrownohead,115,149,138,191
arrow74.jpg,690,481,arrow,361,192,445,247
arrow74.jpg,690,481,arrow,325,200,354,248
arrow74.jpg,690,481,arrow,541,276,605,379
arrow74.jpg,690,481,arrow,456,328,529,379
arrow74.jpg,690,481,arrow,193,256,262,387
arrow74.jpg,690,481,arrow,150,313,193,392
arrow75.jpg,690,481,arrow,355,235,472,286
arrow75.jpg,690,481,arrow,288,237,347,281
arrow75.jpg,690,481,arrow,196,296,239,401
arrow75.jpg,690,481,arrow,109,347,195,407
arrow75.jpg,690,481,arrownohead,4,131,92,230
arrow75.jpg,690,481,arrow,538,366,644,404
arrow76.jpg,690,481,arrow,452,148,551,178
arrow76.jpg,690,481,arrow,419,119,447,176
arrow76.jpg,690,481,arrow,179,169,327,322
arrow76.jpg,690,481,arrow,126,213,180,325
arrow76.jpg,690,481,arrownohead,163,1,251,35
arrow76.jpg,690,481,arrownohead,141,1,163,41
arrow76.jpg,690,481,arrow,596,275,664,362
arrow76.jpg,690,481,arrow,530,303,587,361
arrow77.jpg,690,481,arrow,356,199,447,238
arrow77.jpg,690,481,arrow,318,183,352,236
arrow77.jpg,690,481,arrow,202,245,265,386
arrow77.jpg,690,481,arrownohead,137,58,230,152
arrow77.jpg,690,481,arrow,159,303,203,393
arrow77.jpg,690,481,arrownohead,111,105,136,151
arrow77.jpg,690,481,arrow,541,333,607,437
arrow77.jpg,690,481,arrow,460,371,532,435
arrow78.jpg,690,481,arrownohead,130,72,219,207
arrow78.jpg,690,481,arrownohead,108,171,128,213
arrow78.jpg,690,481,arrow,345,151,437,242
arrow78.jpg,690,481,arrow,310,187,342,244
arrow78.jpg,690,481,arrow,188,279,253,455
arrow78.jpg,690,481,arrow,149,381,189,460
arrow78.jpg,690,481,arrow,538,232,602,366
arrow78.jpg,690,481,arrow,454,313,527,372
arrow79.jpg,690,481,arrownohead,313,1,389,121
arrow79.jpg,690,481,arrownohead,270,32,311,135
arrow79.jpg,690,481,arrow,544,163,592,225
arrow79.jpg,690,481,arrow,516,165,539,226
arrow79.jpg,690,481,arrow,416,265,468,478
arrow79.jpg,690,481,arrow,636,275,664,396
arrow79.jpg,690,481,arrow,597,351,635,400
arrow80.jpg,690,481,arrownohead,73,96,154,185
arrow80.jpg,690,481,arrownohead,25,152,71,190
arrow80.jpg,690,481,arrow,300,198,351,243
arrow80.jpg,690,481,arrow,358,194,452,247
arrow80.jpg,690,481,arrow,212,256,262,379
arrow80.jpg,690,481,arrow,139,315,209,383
arrow80.jpg,690,481,arrow,639,281,687,366
arrow80.jpg,690,481,arrow,526,322,627,369
arrow81.jpg,690,481,arrownohead,73,77,135,178
arrow81.jpg,690,481,arrownohead,55,146,72,184
arrow81.jpg,690,481,arrow,269,173,353,243
arrow81.jpg,690,481,arrow,232,186,263,245
arrow81.jpg,690,481,arrow,137,257,181,392
arrow81.jpg,690,481,arrow,99,320,134,396
arrow81.jpg,690,481,arrow,489,307,578,447
arrow81.jpg,690,481,arrow,379,366,474,446
arrow82.jpg,690,481,arrownohead,110,97,200,187
arrow82.jpg,690,481,arrownohead,77,149,105,190
arrow82.jpg,690,481,arrow,355,193,441,240
arrow82.jpg,690,481,arrow,311,201,347,242
arrow82.jpg,690,481,arrow,203,255,254,376
arrow82.jpg,690,481,arrow,146,310,200,381
arrow82.jpg,690,481,arrow,576,287,633,379
arrow82.jpg,690,481,arrow,478,333,566,383
arrow83.jpg,690,481,arrownohead,140,90,227,200
arrow83.jpg,690,481,arrownohead,112,163,137,205
arrow83.jpg,690,481,arrow,360,183,444,246
arrow83.jpg,690,481,arrow,325,194,356,243
arrow83.jpg,690,481,arrow,537,268,601,378
arrow83.jpg,690,481,arrow,454,329,526,379
arrow83.jpg,690,481,arrow,192,265,266,404
arrow83.jpg,690,481,arrow,151,338,190,410
arrow84.jpg,690,481,arrow,523,325,629,370
arrow84.jpg,690,481,arrow,646,282,688,369
arrow84.jpg,690,481,arrow,362,192,450,236
arrow84.jpg,690,481,arrow,298,195,356,240
arrow84.jpg,690,481,arrow,217,249,257,374
arrow84.jpg,690,481,arrow,142,307,216,380
arrow84.jpg,690,481,arrownohead,52,101,139,177
arrow84.jpg,690,481,arrownohead,8,147,56,185
arrow85.jpg,690,481,arrow,667,284,687,383
arrow85.jpg,690,481,arrow,550,176,599,250
arrow85.jpg,690,481,arrow,513,179,544,246
arrow85.jpg,690,481,arrow,626,340,664,386
arrow85.jpg,690,481,arrow,424,265,468,475
arrow85.jpg,690,481,arrownohead,210,1,306,97
arrow85.jpg,690,481,arrownohead,127,1,203,106
arrow86.jpg,690,481,arrow,312,319,351,357
arrow86.jpg,690,481,arrow,359,317,534,361
arrow86.jpg,690,481,arrow,575,394,688,440
arrow86.jpg,690,481,arrow,490,413,564,439
arrow86.jpg,690,481,arrow,134,366,207,438
arrow86.jpg,690,481,arrow,1,204,131,288
arrow86.jpg,690,481,arrow,63,401,131,441
arrow87.jpg,690,481,arrow,365,192,503,237
arrow87.jpg,690,481,arrow,340,193,361,234
arrow87.jpg,690,481,arrow,541,284,671,379
arrow87.jpg,690,481,arrow,450,326,526,377
arrow87.jpg,690,481,arrow,72,251,231,381
arrow87.jpg,690,481,arrow,37,310,81,387
arrow87.jpg,690,481,arrownohead,94,96,261,181
arrow87.jpg,690,481,arrownohead,69,151,92,186
arrow88.jpg,690,481,arrownohead,138,87,231,203
arrow88.jpg,690,481,arrownohead,112,166,138,210
arrow88.jpg,690,481,arrow,549,252,609,370
arrow88.jpg,690,481,arrow,466,321,537,374
arrow88.jpg,690,481,arrow,360,176,446,242
arrow88.jpg,690,481,arrow,323,196,354,249
arrow88.jpg,690,481,arrow,206,272,265,435
arrow88.jpg,690,481,arrow,161,360,203,442
arrow89.jpg,690,481,arrow,442,137,530,178
arrow89.jpg,690,481,arrow,381,131,437,178
arrow89.jpg,690,481,arrow,297,186,346,342
arrow89.jpg,690,481,arrow,218,248,300,351
arrow89.jpg,690,481,arrownohead,156,41,242,109
arrow89.jpg,690,481,arrownohead,122,77,156,113
arrow90.jpg,690,481,arrow,440,220,564,284
arrow90.jpg,690,481,arrow,406,238,436,287
arrow90.jpg,690,481,arrow,213,309,314,434
arrow90.jpg,690,481,arrow,174,379,212,438
arrow90.jpg,690,481,arrownohead,171,122,309,251
arrow90.jpg,690,481,arrownohead,144,213,168,257
arrow90.jpg,690,481,arrow,575,314,688,411
arrow90.jpg,690,481,arrow,505,369,566,415
arrow91.jpg,690,481,arrow,351,151,455,188
arrow91.jpg,690,481,arrow,315,141,345,186
arrow91.jpg,690,481,arrow,615,278,686,401
arrow91.jpg,690,481,arrow,491,317,598,399
arrow91.jpg,690,481,arrow,151,189,240,344
arrow91.jpg,690,481,arrownohead,114,43,229,108
arrow91.jpg,690,481,arrownohead,93,75,113,114
arrow91.jpg,690,481,arrow,110,249,150,350
arrow92.jpg,690,481,arrow,481,123,576,302
arrow92.jpg,690,481,arrow,365,241,464,303
arrow92.jpg,690,481,arrow,247,58,334,164
arrow92.jpg,690,481,arrow,205,118,240,165
arrow92.jpg,690,481,arrow,116,200,165,362
arrow92.jpg,690,481,arrow,83,289,116,370
arrow92.jpg,690,481,arrownohead,67,34,122,149
arrow92.jpg,690,481,arrownohead,48,124,65,155
arrow93.jpg,690,481,arrow,355,203,446,241
arrow93.jpg,690,481,arrow,319,165,351,235
arrow93.jpg,690,481,arrow,204,216,261,397
arrow93.jpg,690,481,arrow,158,274,203,404
arrow93.jpg,690,481,arrownohead,131,1,177,55
arrow93.jpg,690,481,arrownohead,111,1,130,59
arrow93.jpg,690,481,arrow,563,419,604,479
arrow94.jpg,690,481,arrownohead,72,146,169,245
arrow94.jpg,690,481,arrownohead,24,207,74,248
arrow94.jpg,690,481,arrow,360,254,475,292
arrow94.jpg,690,481,arrow,312,252,352,288
arrow94.jpg,690,481,arrow,184,304,250,410
arrow94.jpg,690,481,arrow,131,364,187,417
arrow94.jpg,690,481,arrow,565,336,660,411
arrow94.jpg,690,481,arrow,481,371,550,410
arrow95.jpg,690,481,arrow,272,260,361,302
arrow95.jpg,690,481,arrow,202,257,260,303
arrow95.jpg,690,481,arrow,125,306,177,422
arrow95.jpg,690,481,arrow,60,358,147,422
arrow95.jpg,690,481,arrow,529,360,590,425
arrow95.jpg,690,481,arrow,432,386,517,427
arrow96.jpg,690,481,arrownohead,135,93,228,176
arrow96.jpg,690,481,arrownohead,109,146,134,182
arrow96.jpg,690,481,arrow,351,195,441,242
arrow96.jpg,690,481,arrow,317,196,344,238
arrow96.jpg,690,481,arrow,205,250,261,382
arrow96.jpg,690,481,arrow,161,308,204,386
arrow96.jpg,690,481,arrow,540,288,606,388
arrow96.jpg,690,481,arrow,459,336,531,390
arrow97.jpg,690,481,arrow,197,168,269,250
arrow97.jpg,690,481,arrow,162,173,192,252
arrow97.jpg,690,481,arrow,88,248,125,415
arrow97.jpg,690,481,arrow,61,310,91,417
arrow97.jpg,690,481,arrownohead,56,24,103,144
arrow97.jpg,690,481,arrownohead,39,103,54,147
arrow98.jpg,690,481,arrow,357,198,448,245
arrow98.jpg,690,481,arrow,301,200,348,243
arrow98.jpg,690,481,arrow,217,253,259,381
arrow98.jpg,690,481,arrow,143,312,214,385
arrow98.jpg,690,481,arrownohead,58,98,149,181
arrow98.jpg,690,481,arrownohead,16,146,63,185
arrow98.jpg,690,481,arrow,631,285,687,371
arrow98.jpg,690,481,arrow,517,324,615,374
arrow99.jpg,690,481,arrownohead,80,50,217,125
arrow99.jpg,690,481,arrownohead,63,99,78,128
arrow99.jpg,690,481,arrow,357,113,465,166
arrow99.jpg,690,481,arrow,308,124,348,170
arrow99.jpg,690,481,arrow,99,183,224,359
arrow99.jpg,690,481,arrow,44,260,99,369
arrow99.jpg,690,481,arrow,522,250,648,312
arrow99.jpg,690,481,arrow,657,186,690,311
arrow100.jpg,690,481,arrownohead,18,147,200,254
arrow100.jpg,690,481,arrow,350,262,535,315
arrow100.jpg,690,481,arrow,315,260,352,314
arrow100.jpg,690,481,arrow,455,377,542,410
arrow100.jpg,690,481,arrow,554,347,689,412
arrow100.jpg,690,481,arrow,70,316,200,418
arrow100.jpg,690,481,arrow,20,368,70,419
arrow101.jpg,690,481,arrow,544,169,605,382
arrow101.jpg,690,481,arrow,449,321,536,387
arrow101.jpg,690,481,arrow,350,101,436,245
arrow101.jpg,690,481,arrow,318,173,347,244
arrow101.jpg,690,481,arrow,218,311,262,478
arrow101.jpg,690,481,arrownohead,135,49,224,258
arrow101.jpg,690,481,arrownohead,102,215,132,267
arrow102.jpg,690,481,arrow,538,286,604,371
arrow102.jpg,690,481,arrow,459,321,528,373
arrow102.jpg,690,481,arrow,357,194,441,241
arrow102.jpg,690,481,arrow,323,197,352,241
arrow102.jpg,690,481,arrownohead,136,104,236,185
arrow102.jpg,690,481,arrownohead,114,153,136,184
arrow102.jpg,690,481,arrow,196,246,263,381
arrow102.jpg,690,481,arrow,154,308,195,384
arrow103.jpg,690,481,arrow,354,208,444,242
arrow103.jpg,690,481,arrow,316,150,349,237
arrow103.jpg,690,481,arrow,199,214,264,406
arrow103.jpg,690,481,arrow,157,270,196,412
arrow103.jpg,690,481,arrownohead,145,1,182,43
arrow103.jpg,690,481,arrownohead,124,1,140,46
arrow104.jpg,690,481,arrow,365,101,484,145
arrow104.jpg,690,481,arrow,283,107,359,146
arrow104.jpg,690,481,arrow,96,148,207,291
arrow104.jpg,690,481,arrow,1,204,94,294
arrow104.jpg,690,481,arrownohead,3,42,105,82
arrow105.jpg,690,481,arrow,227,300,311,349
arrow105.jpg,690,481,arrow,200,252,224,349
arrow105.jpg,690,481,arrownohead,74,55,132,156
arrow105.jpg,690,481,arrownohead,56,104,73,163
arrow105.jpg,690,481,arrownohead,110,311,158,469
arrow105.jpg,690,481,arrow,84,346,108,466
arrow106.jpg,690,481,arrownohead,135,97,228,193
arrow106.jpg,690,481,arrownohead,113,157,135,200
arrow106.jpg,690,481,arrow,349,188,438,243
arrow106.jpg,690,481,arrow,318,198,346,246
arrow106.jpg,690,481,arrow,204,260,262,403
arrow106.jpg,690,481,arrow,162,330,203,402
arrow106.jpg,690,481,arrow,543,277,603,384
arrow106.jpg,690,481,arrow,461,329,529,383
arrow107.jpg,690,481,arrownohead,127,101,229,191
arrow107.jpg,690,481,arrownohead,99,154,127,194
arrow107.jpg,690,481,arrow,359,190,453,241
arrow107.jpg,690,481,arrow,326,195,356,238
arrow107.jpg,690,481,arrow,176,254,257,379
arrow107.jpg,690,481,arrow,136,314,171,385
arrow107.jpg,690,481,arrow,539,283,615,377
arrow107.jpg,690,481,arrow,453,328,527,377
arrow108.jpg,690,481,arrownohead,136,88,226,173
arrow108.jpg,690,481,arrownohead,111,139,134,179
arrow108.jpg,690,481,arrow,352,191,440,236
arrow108.jpg,690,481,arrow,316,187,344,231
arrow108.jpg,690,481,arrow,197,246,259,381
arrow108.jpg,690,481,arrow,156,306,196,384
arrow108.jpg,690,481,arrow,538,298,602,397
arrow108.jpg,690,481,arrow,456,342,529,398
arrow109.jpg,690,481,arrownohead,140,74,232,221
arrow109.jpg,690,481,arrownohead,116,185,136,230
arrow109.jpg,690,481,arrow,361,140,443,236
arrow109.jpg,690,481,arrow,322,180,355,238
arrow109.jpg,690,481,arrow,198,282,265,478
arrow109.jpg,690,481,arrow,154,400,191,480
arrow109.jpg,690,481,arrow,536,226,601,387
arrow109.jpg,690,481,arrow,453,336,523,392
arrow110.jpg,690,481,arrow,545,325,603,428
arrow110.jpg,690,481,arrow,461,361,534,424
arrow110.jpg,690,481,arrow,360,203,442,249
arrow110.jpg,690,481,arrow,324,193,355,247
arrow110.jpg,690,481,arrow,205,248,267,389
arrow110.jpg,690,481,arrow,164,308,204,391
arrow110.jpg,690,481,arrownohead,139,65,229,152
arrow110.jpg,690,481,arrownohead,111,109,139,159
